Code,Disorder_Name
6A00,- - Disorders of intellectual development
6A00.0,"- - - Disorder of intellectual development, mild"
6A00.1,"- - - Disorder of intellectual development, moderate"
6A00.2,"- - - Disorder of intellectual development, severe"
6A00.3,"- - - Disorder of intellectual development, profound"
6A00.4,"- - - Disorder of intellectual development, provisional"
6A00.Z,"- - - Disorders of intellectual development, unspecified"
6A01,- - Developmental speech or language disorders
6A01.0,- - - Developmental speech sound disorder
6A01.1,- - - Developmental speech fluency disorder
6A01.2,- - - Developmental language disorder
6A01.20,- - - - Developmental language disorder with impairment of receptive and expressive language
6A01.21,- - - - Developmental language disorder with impairment of mainly expressive language
6A01.22,- - - - Developmental language disorder with impairment of mainly pragmatic language
6A01.23,"- - - - Developmental language disorder, with other specified language impairment"
6A01.Y,- - - Other specified developmental speech or language disorders
6A01.Z,"- - - Developmental speech or language disorders, unspecified"
6A02,- - Autism spectrum disorder
6A02.0,- - - Autism spectrum disorder without disorder of intellectual development and with mild or no impairment of functional language
6A02.1,- - - Autism spectrum disorder with disorder of intellectual development and with mild or no impairment of functional language
6A02.2,- - - Autism spectrum disorder without disorder of intellectual development and with impaired functional language
6A02.3,- - - Autism spectrum disorder with disorder of intellectual development and with impaired functional language
6A02.5,- - - Autism spectrum disorder with disorder of intellectual development and with absence of functional language
6A02.Y,- - - Other specified autism spectrum disorder
6A02.Z,"- - - Autism spectrum disorder, unspecified"
6A03,- - Developmental learning disorder
6A03.0,- - - Developmental learning disorder with impairment in reading
6A03.1,- - - Developmental learning disorder with impairment in written expression
6A03.2,- - - Developmental learning disorder with impairment in mathematics
6A03.3,- - - Developmental learning disorder with other specified impairment of learning
6A03.Z,"- - - Developmental learning disorder, unspecified"
6A04,- - Developmental motor coordination disorder
6A05,- - Attention deficit hyperactivity disorder
6A05.0,"- - - Attention deficit hyperactivity disorder, predominantly inattentive presentation"
6A05.1,"- - - Attention deficit hyperactivity disorder, predominantly hyperactive-impulsive presentation"
6A05.2,"- - - Attention deficit hyperactivity disorder, combined presentation"
6A05.Y,"- - - Attention deficit hyperactivity disorder, other specified presentation"
6A05.Z,"- - - Attention deficit hyperactivity disorder, presentation unspecified"
6A06,- - Stereotyped movement disorder
6A06.0,- - - Stereotyped movement disorder without self-injury
6A06.1,- - - Stereotyped movement disorder with self-injury
6A06.Z,"- - - Stereotyped movement disorder, unspecified"
6A0Y,- - Other specified neurodevelopmental disorders
6A0Z,"- - Neurodevelopmental disorders, unspecified"
6A20,- - Schizophrenia
6A20.0,"- - - Schizophrenia, first episode"
6A20.00,"- - - - Schizophrenia, first episode, currently symptomatic"
6A20.01,"- - - - Schizophrenia, first episode, in partial remission"
6A20.02,"- - - - Schizophrenia, first episode, in full remission"
6A20.0Z,"- - - - Schizophrenia, first episode, unspecified"
6A20.1,"- - - Schizophrenia, multiple episodes"
6A20.10,"- - - - Schizophrenia, multiple episodes, currently symptomatic"
6A20.11,"- - - - Schizophrenia, multiple episodes, in partial remission"
6A20.12,"- - - - Schizophrenia, multiple episodes, in full remission"
6A20.1Z,"- - - - Schizophrenia, multiple episodes, unspecified"
6A20.2,"- - - Schizophrenia, continuous"
6A20.20,"- - - - Schizophrenia, continuous, currently symptomatic"
6A20.21,"- - - - Schizophrenia, continuous, in partial remission"
6A20.22,"- - - - Schizophrenia, continuous, in full remission"
6A20.2Z,"- - - - Schizophrenia, continuous, unspecified"
6A20.Y,- - - Other specified episode of schizophrenia
6A20.Z,"- - - Schizophrenia, episode unspecified"
6A21,- - Schizoaffective disorder
6A21.0,"- - - Schizoaffective disorder, first episode"
6A21.00,"- - - - Schizoaffective disorder, first episode, currently symptomatic"
6A21.01,"- - - - Schizoaffective disorder, first episode, in partial remission"
6A21.02,"- - - - Schizoaffective disorder, first episode, in full remission"
6A21.0Z,"- - - - Schizoaffective disorder, first episode, unspecified"
6A21.1,"- - - Schizoaffective disorder, multiple episodes"
6A21.10,"- - - - Schizoaffective disorder, multiple episodes, currently symptomatic"
6A21.11,"- - - - Schizoaffective disorder, multiple episodes, in partial remission"
6A21.12,"- - - - Schizoaffective disorder, multiple episodes, in full remission"
6A21.1Z,"- - - - Schizoaffective disorder, multiple episodes, unspecified"
6A21.2,"- - - Schizoaffective disorder, continuous"
6A21.20,"- - - - Schizoaffective disorder, continuous, currently symptomatic"
6A21.21,"- - - - Schizoaffective disorder, continuous, in partial remission"
6A21.22,"- - - - Schizoaffective disorder, continuous, in full remission"
6A21.2Z,"- - - - Schizoaffective disorder, continuous, unspecified"
6A21.Y,- - - Other specified schizoaffective disorder
6A21.Z,"- - - Schizoaffective disorder, unspecified"
6A22,- - Schizotypal disorder
6A23,- - Acute and transient psychotic disorder
6A23.0,"- - - Acute and transient psychotic disorder, first episode"
6A23.00,"- - - - Acute and transient psychotic disorder, first episode, currently symptomatic"
6A23.01,"- - - - Acute and transient psychotic disorder, first episode, in partial remission"
6A23.02,"- - - - Acute and transient psychotic disorder, first episode, in full remission"
6A23.0Z,"- - - - Acute and transient psychotic disorder, first episode, unspecified"
6A23.1,"- - - Acute and transient psychotic disorder, multiple episodes"
6A23.10,"- - - - Acute and transient psychotic disorder, multiple episodes, currently symptomatic"
6A23.11,"- - - - Acute and transient psychotic disorder, multiple episodes, in partial remission"
6A23.12,"- - - - Acute and transient psychotic disorder, multiple episodes, in full remission"
6A23.1Z,"- - - - Acute and transient psychotic disorder, multiple episodes, unspecified"
6A23.Y,- - - Other specified acute and transient psychotic disorder
6A23.Z,"- - - Acute and transient psychotic disorder, unspecified"
6A24,- - Delusional disorder
6A24.0,"- - - Delusional disorder, currently symptomatic"
6A24.1,"- - - Delusional disorder, in partial remission"
6A24.2,"- - - Delusional disorder, in full remission"
6A24.Z,"- - - Delusional disorder, unspecified"
6A25,- - Symptomatic manifestations of primary psychotic disorders
6A25.0,- - - Positive symptoms in primary psychotic disorders
6A25.1,- - - Negative symptoms in primary psychotic disorders
6A25.2,- - - Depressive mood symptoms in primary psychotic disorders
6A25.3,- - - Manic mood symptoms in primary psychotic disorders
6A25.4,- - - Psychomotor symptoms in primary psychotic disorders
6A25.5,- - - Cognitive symptoms in primary psychotic disorders
6A2Y,- - Other specified primary psychotic disorder
6A2Z,"- - Schizophrenia or other primary psychotic disorders, unspecified"
6A40,- - Catatonia associated with another mental disorder
6A41,- - Catatonia induced by substances or medications
6A4Z,"- - Catatonia, unspecified"
6A60,- - - Bipolar type I disorder
6A60.0,"- - - - Bipolar type I disorder, current episode manic, without psychotic symptoms"
6A60.1,"- - - - Bipolar type I disorder, current episode manic, with psychotic symptoms"
6A60.2,"- - - - Bipolar type I disorder, current episode hypomanic"
6A60.3,"- - - - Bipolar type I disorder, current episode depressive, mild"
6A60.4,"- - - - Bipolar type I disorder, current episode depressive, moderate without psychotic symptoms"
6A60.5,"- - - - Bipolar type I disorder, current episode depressive, moderate with psychotic symptoms"
6A60.6,"- - - - Bipolar type I disorder, current episode depressive, severe without psychotic symptoms"
6A60.7,"- - - - Bipolar type I disorder, current episode depressive, severe with psychotic symptoms"
6A60.8,"- - - - Bipolar type I disorder, current episode depressive, unspecified severity"
6A60.9,"- - - - Bipolar type I disorder, current episode mixed, without psychotic symptoms"
6A60.A,"- - - - Bipolar type I disorder, current episode mixed, with psychotic symptoms"
6A60.B,"- - - - Bipolar type I disorder, currently in partial remission, most recent episode manic or hypomanic"
6A60.C,"- - - - Bipolar type I disorder, currently in partial remission, most recent episode depressive"
6A60.D,"- - - - Bipolar type I disorder, currently in partial remission, most recent episode mixed"
6A60.E,"- - - - Bipolar type I disorder, currently in partial remission, most recent episode unspecified"
6A60.F,"- - - - Bipolar type I disorder, currently in full remission"
6A60.Y,- - - - Other specified bipolar type I disorder
6A60.Z,"- - - - Bipolar type I disorder, unspecified"
6A61,- - - Bipolar type II disorder
6A61.0,"- - - - Bipolar type II disorder, current episode hypomanic"
6A61.1,"- - - - Bipolar type II disorder, current episode depressive, mild"
6A61.2,"- - - - Bipolar type II disorder, current episode depressive, moderate without psychotic symptoms"
6A61.3,"- - - - Bipolar type II disorder, current episode depressive, moderate with psychotic symptoms"
6A61.4,"- - - - Bipolar type II disorder, current episode depressive, severe without psychotic symptoms"
6A61.5,"- - - - Bipolar type II disorder, current episode depressive, severe with psychotic symptoms"
6A61.6,"- - - - Bipolar type II disorder, current episode depressive, unspecified severity"
6A61.7,"- - - - Bipolar type II disorder, currently in partial remission, most recent episode hypomanic"
6A61.8,"- - - - Bipolar type II disorder, currently in partial remission, most recent episode depressive"
6A61.9,"- - - - Bipolar type II disorder, currently in partial remission, most recent episode unspecified"
6A61.A,"- - - - Bipolar type II disorder, currently in full remission"
6A61.Y,- - - - Other specified bipolar type II disorder
6A61.Z,"- - - - Bipolar type II disorder, unspecified"
6A62,- - - Cyclothymic disorder
6A6Y,- - - Other specified bipolar or related disorders
6A6Z,"- - - Bipolar or related disorders, unspecified"
6A70,- - - Single episode depressive disorder
6A70.0,"- - - - Single episode depressive disorder, mild"
6A70.1,"- - - - Single episode depressive disorder, moderate, without psychotic symptoms"
6A70.2,"- - - - Single episode depressive disorder, moderate, with psychotic symptoms"
6A70.3,"- - - - Single episode depressive disorder, severe, without psychotic symptoms"
6A70.4,"- - - - Single episode depressive disorder, severe, with psychotic symptoms"
6A70.5,"- - - - Single episode depressive disorder, unspecified severity"
6A70.6,"- - - - Single episode depressive disorder, currently in partial remission"
6A70.7,"- - - - Single episode depressive disorder, currently in full remission"
6A70.Y,- - - - Other specified single episode depressive disorder
6A70.Z,"- - - - Single episode depressive disorder, unspecified"
6A71,- - - Recurrent depressive disorder
6A71.0,"- - - - Recurrent depressive disorder, current episode mild"
6A71.1,"- - - - Recurrent depressive disorder, current episode moderate, without psychotic symptoms"
6A71.2,"- - - - Recurrent depressive disorder, current episode moderate, with psychotic symptoms"
6A71.3,"- - - - Recurrent depressive disorder, current episode severe, without psychotic symptoms"
6A71.4,"- - - - Recurrent depressive disorder, current episode severe, with psychotic symptoms"
6A71.5,"- - - - Recurrent depressive disorder, current episode, unspecified severity"
6A71.6,"- - - - Recurrent depressive disorder, currently in partial remission"
6A71.7,"- - - - Recurrent depressive disorder, currently in full remission"
6A71.Y,- - - - Other specified recurrent depressive disorder
6A71.Z,"- - - - Recurrent depressive disorder, unspecified"
6A72,- - - Dysthymic disorder
6A73,- - - Mixed depressive and anxiety disorder
6A7Y,- - - Other specified depressive disorders
6A7Z,"- - - Depressive disorders, unspecified"
6A80,- - Symptomatic and course presentations for mood episodes in mood disorders
6A80.0,- - - Prominent anxiety symptoms in mood episodes
6A80.1,- - - Panic attacks in mood episodes
6A80.2,- - - Current depressive episode persistent
6A80.3,- - - Current depressive episode with melancholia
6A80.4,- - - Seasonal pattern of mood episode onset
6A80.5,- - - Rapid cycling
6A8Y,- - Other specified mood disorders
6A8Z,"- - Mood disorders, unspecified"
6B00,- - Generalised anxiety disorder
6B01,- - Panic disorder
6B02,- - Agoraphobia
6B03,- - Specific phobia
6B04,- - Social anxiety disorder
6B05,- - Separation anxiety disorder
6B06,- - Selective mutism
6B0Y,- - Other specified anxiety or fear-related disorders
6B0Z,"- - Anxiety or fear-related disorders, unspecified"
6B20,- - Obsessive-compulsive disorder
6B20.0,- - - Obsessive-compulsive disorder with fair to good insight
6B20.1,- - - Obsessive-compulsive disorder with poor to absent insight
6B20.Z,"- - - Obsessive-compulsive disorder, unspecified"
6B21,- - Body dysmorphic disorder
6B21.0,- - - Body dysmorphic disorder with fair to good insight
6B21.1,- - - Body dysmorphic disorder with poor to absent insight
6B21.Z,"- - - Body dysmorphic disorder, unspecified"
6B22,- - Olfactory reference disorder
6B22.0,- - - Olfactory reference disorder with fair to good insight
6B22.1,- - - Olfactory reference disorder with poor to absent insight
6B22.Z,"- - - Olfactory reference disorder, unspecified"
6B23,- - Hypochondriasis
6B23.0,- - - Hypochondriasis with fair to good insight
6B23.1,- - - Hypochondriasis with poor to absent insight
6B23.Z,"- - - Hypochondriasis, unspecified"
6B24,- - Hoarding disorder
6B24.0,- - - Hoarding disorder with fair to good insight
6B24.1,- - - Hoarding disorder with poor to absent insight
6B24.Z,"- - - Hoarding disorder, unspecified"
6B25,- - Body-focused repetitive behaviour disorders
6B25.0,- - - Trichotillomania
6B25.1,- - - Excoriation disorder
6B25.Y,- - - Other specified body-focused repetitive behaviour disorders
6B25.Z,"- - - Body-focused repetitive behaviour disorders, unspecified"
6B2Y,- - Other specified obsessive-compulsive or related disorders
6B2Z,"- - Obsessive-compulsive or related disorders, unspecified"
6B40,- - Post traumatic stress disorder
6B41,- - Complex post traumatic stress disorder
6B42,- - Prolonged grief disorder
6B43,- - Adjustment disorder
6B44,- - Reactive attachment disorder
6B45,- - Disinhibited social engagement disorder
6B4Y,- - Other specified disorders specifically associated with stress
6B4Z,"- - Disorders specifically associated with stress, unspecified"
6B60,- - Dissociative neurological symptom disorder
6B60.0,"- - - Dissociative neurological symptom disorder, with visual disturbance"
6B60.1,"- - - Dissociative neurological symptom disorder, with auditory disturbance"
6B60.2,"- - - Dissociative neurological symptom disorder, with vertigo or dizziness"
6B60.3,"- - - Dissociative neurological symptom disorder, with other sensory disturbance"
6B60.4,"- - - Dissociative neurological symptom disorder, with non-epileptic seizures"
6B60.5,"- - - Dissociative neurological symptom disorder, with speech disturbance"
6B60.6,"- - - Dissociative neurological symptom disorder, with paresis or weakness"
6B60.7,"- - - Dissociative neurological symptom disorder, with gait disturbance"
6B60.8,"- - - Dissociative neurological symptom disorder, with movement disturbance"
6B60.80,"- - - - Dissociative neurological symptom disorder, with chorea"
6B60.81,"- - - - Dissociative neurological symptom disorder, with myoclonus"
6B60.82,"- - - - Dissociative neurological symptom disorder, with tremor"
6B60.83,"- - - - Dissociative neurological symptom disorder, with dystonia"
6B60.84,"- - - - Dissociative neurological symptom disorder, with facial spasm"
6B60.85,"- - - - Dissociative neurological symptom disorder, with Parkinsonism"
6B60.8Y,"- - - - Dissociative neurological symptom disorder, with other specified movement disturbance"
6B60.8Z,"- - - - Dissociative neurological symptom disorder, with unspecified movement disturbance"
6B60.9,"- - - Dissociative neurological symptom disorder, with cognitive symptoms"
6B60.Y,"- - - Dissociative neurological symptom disorder, with other specified symptoms"
6B60.Z,"- - - Dissociative neurological symptom disorder, with unspecified symptoms"
6B61,- - Dissociative amnesia
6B61.0,- - - Dissociative amnesia with dissociative fugue
6B61.1,- - - Dissociative amnesia without dissociative fugue
6B61.Z,"- - - Dissociative amnesia, unspecified"
6B62,- - Trance disorder
6B63,- - Possession trance disorder
6B64,- - Dissociative identity disorder
6B65,- - Partial dissociative identity disorder
6B66,- - Depersonalization-derealization disorder
6B6Y,- - Other specified dissociative disorders
6B6Z,"- - Dissociative disorders, unspecified"
6B80,- - Anorexia Nervosa
6B80.0,- - - Anorexia Nervosa with significantly low body weight
6B80.00,"- - - - Anorexia Nervosa with significantly low body weight, restricting pattern"
6B80.01,"- - - - Anorexia Nervosa with significantly low body weight, binge-purge pattern"
6B80.0Z,"- - - - Anorexia Nervosa with significantly low body weight, unspecified"
6B80.1,- - - Anorexia Nervosa with dangerously low body weight
6B80.10,"- - - - Anorexia Nervosa with dangerously low body weight, restricting pattern"
6B80.11,"- - - - Anorexia Nervosa with dangerously low body weight, binge-purge pattern"
6B80.1Z,"- - - - Anorexia Nervosa with dangerously low body weight, unspecified"
6B80.2,- - - Anorexia Nervosa in recovery with normal body weight
6B80.Y,- - - Other specified anorexia Nervosa
6B80.Z,"- - - Anorexia Nervosa, unspecified"
6B81,- - Bulimia Nervosa
6B82,- - Binge eating disorder
6B83,- - Avoidant-restrictive food intake disorder
6B84,- - Pica
6B85,- - Rumination-regurgitation disorder
6B8Y,- - Other specified feeding or eating disorders
6B8Z,"- - Feeding or eating disorders, unspecified"
6C00,- - Enuresis
6C00.0,- - - Nocturnal enuresis
6C00.1,- - - Diurnal enuresis
6C00.2,- - - Nocturnal and diurnal enuresis
6C00.Z,"- - - Enuresis, unspecified"
6C01,- - Encopresis
6C01.0,- - - Encopresis with constipation or overflow incontinence
6C01.1,- - - Encopresis without constipation or overflow incontinence
6C01.Z,"- - - Encopresis, unspecified"
6C0Z,"- - Elimination disorders, unspecified"
6C20,- - Bodily distress disorder
6C20.0,- - - Mild bodily distress disorder
6C20.1,- - - Moderate bodily distress disorder
6C20.2,- - - Severe bodily distress disorder
6C20.Z,"- - - Bodily distress disorder, unspecified"
6C21,- - Body integrity dysphoria
6C2Y,- - Other specified disorders of bodily distress or bodily experience
6C2Z,"- - Disorders of bodily distress or bodily experience, unspecified"
6C40,- - - Disorders due to use of alcohol
6C40.0,- - - - Episode of harmful use of alcohol
6C40.1,- - - - Harmful pattern of use of alcohol
6C40.10,"- - - - - Harmful pattern of use of alcohol, episodic"
6C40.11,"- - - - - Harmful pattern of use of alcohol, continuous"
6C40.1Z,"- - - - - Harmful pattern of use of alcohol, unspecified"
6C40.2,- - - - Alcohol dependence
6C40.20,"- - - - - Alcohol dependence, current use, continuous"
6C40.21,"- - - - - Alcohol dependence, current use, episodic"
6C40.22,"- - - - - Alcohol dependence, early full remission"
6C40.23,"- - - - - Alcohol dependence, sustained partial remission"
6C40.24,"- - - - - Alcohol dependence, sustained full remission"
6C40.2Z,"- - - - - Alcohol dependence, unspecified"
6C40.3,- - - - Alcohol intoxication
6C40.4,- - - - Alcohol withdrawal
6C40.40,"- - - - - Alcohol withdrawal, uncomplicated"
6C40.41,- - - - - Alcohol withdrawal with perceptual disturbances
6C40.42,- - - - - Alcohol withdrawal with seizures
6C40.43,- - - - - Alcohol withdrawal with perceptual disturbances and seizures
6C40.4Z,"- - - - - Alcohol withdrawal, unspecified"
6C40.5,- - - - Alcohol-induced delirium
6C40.6,- - - - Alcohol-induced psychotic disorder
6C40.60,- - - - - Alcohol-induced psychotic disorder with hallucinations
6C40.61,- - - - - Alcohol-induced psychotic disorder with delusions
6C40.62,- - - - - Alcohol-induced psychotic disorder with mixed psychotic symptoms
6C40.6Z,"- - - - - Alcohol-induced psychotic disorder, unspecified"
6C40.7,- - - - Certain specified alcohol-induced mental or behavioural disorders
6C40.70,- - - - - Alcohol-induced mood disorder
6C40.71,- - - - - Alcohol-induced anxiety disorder
6C40.Y,- - - - Other specified disorders due to use of alcohol
6C40.Z,"- - - - Disorders due to use of alcohol, unspecified"
6C41,- - - Disorders due to use of cannabis
6C41.0,- - - - Episode of harmful use of cannabis
6C41.1,- - - - Harmful pattern of use of cannabis
6C41.10,"- - - - - Harmful pattern of use of cannabis, episodic"
6C41.11,"- - - - - Harmful pattern of use of cannabis, continuous"
6C41.1Z,"- - - - - Harmful pattern of use of cannabis, unspecified"
6C41.2,- - - - Cannabis dependence
6C41.20,"- - - - - Cannabis dependence, current use"
6C41.21,"- - - - - Cannabis dependence, early full remission"
6C41.22,"- - - - - Cannabis dependence, sustained partial remission"
6C41.23,"- - - - - Cannabis dependence, sustained full remission"
6C41.2Z,"- - - - - Cannabis dependence, unspecified"
6C41.3,- - - - Cannabis intoxication
6C41.4,- - - - Cannabis withdrawal
6C41.5,- - - - Cannabis-induced delirium
6C41.6,- - - - Cannabis-induced psychotic disorder
6C41.7,- - - - Certain specified cannabis-induced mental or behavioural disorders
6C41.70,- - - - - Cannabis-induced mood disorder
6C41.71,- - - - - Cannabis-induced anxiety disorder
6C41.Y,- - - - Other specified disorders due to use of cannabis
6C41.Z,"- - - - Disorders due to use of cannabis, unspecified"
6C42,- - - Disorders due to use of synthetic cannabinoids
6C42.0,- - - - Episode of harmful use of synthetic cannabinoids
6C42.1,- - - - Harmful pattern of use of synthetic cannabinoids
6C42.10,"- - - - - Harmful pattern of use of synthetic cannabinoids, episodic"
6C42.11,"- - - - - Harmful pattern of use of synthetic cannabinoids, continuous"
6C42.1Y,- - - - - Other specified harmful pattern of use of synthetic cannabinoids
6C42.1Z,"- - - - - Harmful pattern of use of synthetic cannabinoids, unspecified"
6C42.2,- - - - Synthetic cannabinoid dependence
6C42.20,"- - - - - Synthetic cannabinoid dependence, current use"
6C42.21,"- - - - - Synthetic cannabinoid dependence, early full remission"
6C42.22,"- - - - - Synthetic cannabinoid dependence, sustained partial remission"
6C42.23,"- - - - - Synthetic cannabinoid dependence, sustained full remission"
6C42.2Y,- - - - - Other specified synthetic cannabinoid dependence
6C42.2Z,"- - - - - Synthetic cannabinoid dependence, unspecified"
6C42.3,- - - - Synthetic cannabinoid intoxication
6C42.4,- - - - Synthetic cannabinoid withdrawal
6C42.5,- - - - Synthetic cannabinoid-induced delirium
6C42.6,- - - - Synthetic cannabinoid-induced psychotic disorder
6C42.7,- - - - Certain specified synthetic cannabinoids-induced mental or behavioural disorders
6C42.70,- - - - - Synthetic cannabinoid-induced mood disorder
6C42.71,- - - - - Synthetic cannabinoid-induced anxiety disorder
6C42.Y,- - - - Other specified disorders due to use of synthetic cannabinoids
6C42.Z,"- - - - Disorders due to use of synthetic cannabinoids, unspecified"
6C43,- - - Disorders due to use of opioids
6C43.0,- - - - Episode of harmful use of opioids
6C43.1,- - - - Harmful pattern of use of opioids
6C43.10,"- - - - - Harmful pattern of use of opioids, episodic"
6C43.11,"- - - - - Harmful pattern of use of opioids, continuous"
6C43.1Z,"- - - - - Harmful pattern of use of opioids, unspecified"
6C43.2,- - - - Opioid dependence
6C43.20,"- - - - - Opioid dependence, current use"
6C43.21,"- - - - - Opioid dependence, early full remission"
6C43.22,"- - - - - Opioid dependence, sustained partial remission"
6C43.23,"- - - - - Opioid dependence, sustained full remission"
6C43.2Z,"- - - - - Opioid dependence, unspecified"
6C43.3,- - - - Opioid intoxication
6C43.4,- - - - Opioid withdrawal
6C43.5,- - - - Opioid-induced delirium
6C43.6,- - - - Opioid-induced psychotic disorder
6C43.7,- - - - Certain specified opioid-induced mental or behavioural disorders
6C43.70,- - - - - Opioid-induced mood disorder
6C43.71,- - - - - Opioid-induced anxiety disorder
6C43.Y,- - - - Other specified disorders due to use of opioids
6C43.Z,"- - - - Disorders due to use of opioids, unspecified"
6C44,"- - - Disorders due to use of sedatives, hypnotics or anxiolytics"
6C44.0,"- - - - Episode of harmful use of sedatives, hypnotics or anxiolytics"
6C44.1,"- - - - Harmful pattern of use of sedatives, hypnotics or anxiolytics"
6C44.10,"- - - - - Harmful pattern of use of sedatives, hypnotics or anxiolytics, episodic"
6C44.11,"- - - - - Harmful pattern of use of sedatives, hypnotics or anxiolytics, continuous"
6C44.1Z,"- - - - - Harmful pattern of use of sedatives, hypnotics or anxiolytics, unspecified"
6C44.2,"- - - - Sedative, hypnotic or anxiolytic dependence"
6C44.20,"- - - - - Sedative, hypnotic or anxiolytic dependence, current use"
6C44.21,"- - - - - Sedative, hypnotic or anxiolytic dependence, early full remission"
6C44.22,"- - - - - Sedative, hypnotic or anxiolytic dependence, sustained partial remission"
6C44.23,"- - - - - Sedative, hypnotic or anxiolytic dependence, sustained full remission"
6C44.2Z,"- - - - - Sedative, hypnotic or anxiolytic dependence, unspecified"
6C44.3,"- - - - Sedative, hypnotic or anxiolytic intoxication"
6C44.4,"- - - - Sedative, hypnotic or anxiolytic withdrawal"
6C44.40,"- - - - - Sedative, hypnotic or anxiolytic withdrawal, uncomplicated"
6C44.41,"- - - - - Sedative, hypnotic or anxiolytic withdrawal, with perceptual disturbances"
6C44.42,"- - - - - Sedative, hypnotic or anxiolytic withdrawal, with seizures"
6C44.43,"- - - - - Sedative, hypnotic or anxiolytic withdrawal, with perceptual disturbances and seizures"
6C44.4Z,"- - - - - Sedative, hypnotic or anxiolytic withdrawal, unspecified"
6C44.5,"- - - - Sedative, hypnotic or anxiolytic-induced delirium"
6C44.6,"- - - - Sedative, hypnotic or anxiolytic-induced psychotic disorder"
6C44.7,"- - - - Certain specified sedatives, hypnotics or anxiolytic-induced mental or behavioural disorders"
6C44.70,"- - - - - Sedative, hypnotic or anxiolytic-induced mood disorder"
6C44.71,"- - - - - Sedative, hypnotic or anxiolytic-induced anxiety disorder"
6C44.Y,"- - - - Other specified disorders due to use of sedatives, hypnotics or anxiolytics"
6C44.Z,"- - - - Disorders due to use of sedatives, hypnotics or anxiolytics, unspecified"
6C45,- - - Disorders due to use of cocaine
6C45.0,- - - - Episode of harmful use of cocaine
6C45.1,- - - - Harmful pattern of use of cocaine
6C45.10,"- - - - - Harmful pattern of use of cocaine, episodic"
6C45.11,"- - - - - Harmful pattern of use of cocaine, continuous"
6C45.1Z,"- - - - - Harmful pattern of use of cocaine, unspecified"
6C45.2,- - - - Cocaine dependence
6C45.20,"- - - - - Cocaine dependence, current use"
6C45.21,"- - - - - Cocaine dependence, early full remission"
6C45.22,"- - - - - Cocaine dependence, sustained partial remission"
6C45.23,"- - - - - Cocaine dependence, sustained full remission"
6C45.2Z,"- - - - - Cocaine dependence, unspecified"
6C45.3,- - - - Cocaine intoxication
6C45.4,- - - - Cocaine withdrawal
6C45.5,- - - - Cocaine-induced delirium
6C45.6,- - - - Cocaine-induced psychotic disorder
6C45.60,- - - - - Cocaine-induced psychotic disorder with hallucinations
6C45.61,- - - - - Cocaine-induced psychotic disorder with delusions
6C45.62,- - - - - Cocaine-induced psychotic disorder with mixed psychotic symptoms
6C45.6Z,"- - - - - Cocaine-induced psychotic disorder, unspecified"
6C45.7,- - - - Certain specified cocaine-induced mental or behavioural disorders
6C45.70,- - - - - Cocaine-induced mood disorder
6C45.71,- - - - - Cocaine-induced anxiety disorder
6C45.72,- - - - - Cocaine-induced obsessive-compulsive or related disorder
6C45.73,- - - - - Cocaine-induced impulse control disorder
6C45.Y,- - - - Other specified disorders due to use of cocaine
6C45.Z,"- - - - Disorders due to use of cocaine, unspecified"
6C46,"- - - Disorders due to use of stimulants including amphetamines, methamphetamine or methcathinone"
6C46.0,"- - - - Episode of harmful use of stimulants including amphetamines, methamphetamine or methcathinone"
6C46.1,"- - - - Harmful pattern of use of stimulants including amphetamines, methamphetamine or methcathinone"
6C46.10,"- - - - - Harmful pattern of use of stimulants including amphetamines, methamphetamine or methcathinone, episodic"
6C46.11,"- - - - - Harmful pattern of use of stimulants including amphetamines, methamphetamine or methcathinone, continuous"
6C46.1Z,"- - - - - Harmful pattern of use of stimulants including amphetamines, methamphetamine and methcathinone, unspecified"
6C46.2,"- - - - Stimulant dependence including amphetamines, methamphetamine or methcathinone"
6C46.20,"- - - - - Stimulant dependence including amphetamines, methamphetamine or methcathinone, current use"
6C46.21,"- - - - - Stimulant dependence including amphetamines, methamphetamine or methcathinone, early full remission"
6C46.22,"- - - - - Stimulant dependence including amphetamines, methamphetamine or methcathinone, sustained partial remission"
6C46.23,"- - - - - Stimulant dependence including amphetamines, methamphetamine or methcathinone, sustained full remission"
6C46.2Z,"- - - - - Stimulant dependence including amphetamines, methamphetamine or methcathinone, unspecified"
6C46.3,"- - - - Stimulant intoxication including amphetamines, methamphetamine or methcathinone"
6C46.4,"- - - - Stimulant withdrawal including amphetamines, methamphetamine or methcathinone"
6C46.5,"- - - - Stimulant-induced delirium including amphetamines, methamphetamine or methcathinone"
6C46.6,"- - - - Stimulant-induced psychotic disorder including amphetamines, methamphetamine or methcathinone"
6C46.60,"- - - - - Stimulant-induced psychotic disorder including amphetamines, methamphetamine or methcathinone with hallucinations"
6C46.61,"- - - - - Stimulant-induced psychotic disorder including amphetamines, methamphetamine or methcathinone with delusions"
6C46.62,- - - - - Stimulant-induced psychotic disorder including amphetamines but excluding caffeine or cocaine with mixed psychotic symptoms
6C46.6Z,"- - - - - Stimulant-induced psychotic disorder including amphetamines, methamphetamine or methcathinone, unspecified"
6C46.7,"- - - - Certain specified stimulant-induced mental or behavioural disorders including amphetamines, methamphetamine or methcathinone"
6C46.70,"- - - - - Stimulant-induced mood disorder including amphetamines, methamphetamine or methcathinone"
6C46.71,"- - - - - Stimulant-induced anxiety disorder including amphetamines, methamphetamine or methcathinone"
6C46.72,"- - - - - Stimulant-induced obsessive-compulsive or related disorder including amphetamines, methamphetamine or methcathinone"
6C46.73,"- - - - - Stimulant-induced impulse control disorder including amphetamines, methamphetamine or methcathinone"
6C46.Y,"- - - - Other specified disorders due to use of stimulants including amphetamines, methamphetamine or methcathinone"
6C46.Z,"- - - - Disorders due to use of stimulants including amphetamines, methamphetamine or methcathinone, unspecified"
6C47,- - - Disorders due to use of synthetic cathinones
6C47.0,- - - - Episode of harmful use of synthetic cathinones
6C47.1,- - - - Harmful pattern of use of synthetic cathinones
6C47.10,"- - - - - Harmful pattern of use of synthetic cathinones, episodic"
6C47.11,"- - - - - Harmful use of synthetic cathinones, continuous"
6C47.1Y,- - - - - Other specified harmful pattern of use of synthetic cathinones
6C47.1Z,"- - - - - Harmful pattern of use of synthetic cathinones, unspecified"
6C47.2,- - - - Synthetic cathinone dependence
6C47.20,"- - - - - Synthetic cathinone dependence, current use"
6C47.21,"- - - - - Synthetic cathinone dependence, early full remission"
6C47.22,"- - - - - Synthetic cathinone dependence, sustained partial remission"
6C47.23,"- - - - - Synthetic cathinone dependence, sustained full remission"
6C47.2Y,- - - - - Other specified synthetic cathinone dependence
6C47.2Z,"- - - - - Synthetic cathinone dependence, unspecified"
6C47.3,- - - - Synthetic cathinone intoxication
6C47.4,- - - - Synthetic cathinone withdrawal
6C47.5,- - - - Synthetic cathinone-induced delirium
6C47.6,- - - - Synthetic cathinone-induced psychotic disorder
6C47.60,- - - - - Synthetic cathinone-induced psychotic disorder with hallucinations
6C47.61,- - - - - Synthetic cathinone-induced psychotic disorder with delusions
6C47.62,- - - - - Synthetic cathinone-induced psychotic disorder with mixed psychotic symptoms
6C47.6Z,"- - - - - Synthetic cathinone-induced psychotic disorder, unspecified"
6C47.7,- - - - Certain specified synthetic cathinone-induced mental or behavioural disorders
6C47.70,- - - - - Synthetic cathinone-induced mood disorder
6C47.71,- - - - - Synthetic cathinone-induced anxiety disorder
6C47.72,- - - - - Synthetic cathinone-induced obsessive-compulsive or related syndrome
6C47.73,- - - - - Synthetic cathinone-induced impulse control disorder
6C47.Y,- - - - Other specified disorders due to use of synthetic cathinones
6C47.Z,"- - - - Disorders due to use of synthetic cathinones, unspecified"
6C48,- - - Disorders due to use of caffeine
6C48.0,- - - - Episode of harmful use of caffeine
6C48.1,- - - - Harmful pattern of use of caffeine
6C48.10,"- - - - - Harmful pattern of use of caffeine, episodic"
6C48.11,"- - - - - Harmful pattern of use of caffeine, continuous"
6C48.1Z,"- - - - - Harmful pattern of use of caffeine, unspecified"
6C48.2,- - - - Caffeine intoxication
6C48.3,- - - - Caffeine withdrawal
6C48.4,- - - - Certain specified caffeine-induced mental or behavioural disorders
6C48.40,- - - - - Caffeine-induced anxiety disorder
6C48.Y,- - - - Other specified disorders due to use of caffeine
6C48.Z,"- - - - Disorders due to use of caffeine, unspecified"
6C49,- - - Disorders due to use of hallucinogens
6C49.0,- - - - Episode of harmful use of hallucinogens
6C49.1,- - - - Harmful pattern of use of hallucinogens
6C49.10,"- - - - - Harmful pattern of use of hallucinogens, episodic"
6C49.11,"- - - - - Harmful pattern of use of hallucinogens, continuous"
6C49.1Z,"- - - - - Harmful pattern of use of hallucinogens, unspecified"
6C49.2,- - - - Hallucinogen dependence
6C49.20,"- - - - - Hallucinogen dependence, current use"
6C49.21,"- - - - - Hallucinogen dependence, early full remission"
6C49.22,"- - - - - Hallucinogen dependence, sustained partial remission"
6C49.23,"- - - - - Hallucinogen dependence, sustained full remission"
6C49.2Z,"- - - - - Hallucinogen dependence, unspecified"
6C49.3,- - - - Hallucinogen intoxication
6C49.4,- - - - Hallucinogen-induced delirium
6C49.5,- - - - Hallucinogen-induced psychotic disorder
6C49.6,- - - - Certain specified hallucinogen-induced mental or behavioural disorders
6C49.60,- - - - - Hallucinogen-induced mood disorder
6C49.61,- - - - - Hallucinogen-induced anxiety disorder
6C49.Y,- - - - Other specified disorders due to use of hallucinogens
6C49.Z,"- - - - Disorders due to use of hallucinogens, unspecified"
6C4A,- - - Disorders due to use of nicotine
6C4A.0,- - - - Episode of harmful use of nicotine
6C4A.1,- - - - Harmful pattern of use of nicotine
6C4A.10,"- - - - - Harmful pattern of use of nicotine, episodic"
6C4A.11,"- - - - - Harmful pattern of use of nicotine, continuous"
6C4A.1Z,"- - - - - Harmful pattern of use of nicotine, unspecified"
6C4A.2,- - - - Nicotine dependence
6C4A.20,"- - - - - Nicotine dependence, current use"
6C4A.21,"- - - - - Nicotine dependence, early full remission"
6C4A.22,"- - - - - Nicotine dependence, sustained partial remission"
6C4A.23,"- - - - - Nicotine dependence, sustained full remission"
6C4A.2Z,"- - - - - Nicotine dependence, unspecified"
6C4A.3,- - - - Nicotine intoxication
6C4A.4,- - - - Nicotine withdrawal
6C4A.Y,- - - - Other specified disorders due to use of nicotine
6C4A.Z,"- - - - Disorders due to use of nicotine, unspecified"
6C4B,- - - Disorders due to use of volatile inhalants
6C4B.0,- - - - Episode of harmful use of volatile inhalants
6C4B.1,- - - - Harmful pattern of use of volatile inhalants
6C4B.10,"- - - - - Harmful pattern of use of volatile inhalants, episodic"
6C4B.11,"- - - - - Harmful pattern of use of volatile inhalants, continuous"
6C4B.1Z,"- - - - - Harmful pattern of use of volatile inhalants, unspecified"
6C4B.2,- - - - Volatile inhalant dependence
6C4B.20,"- - - - - Volatile inhalant dependence, current use"
6C4B.21,"- - - - - Volatile inhalant dependence, early full remission"
6C4B.22,"- - - - - Volatile inhalant dependence, sustained partial remission"
6C4B.23,"- - - - - Volatile inhalant dependence, sustained full remission"
6C4B.2Z,"- - - - - Volatile inhalant dependence, unspecified"
6C4B.3,- - - - Volatile inhalant intoxication
6C4B.4,- - - - Volatile inhalant withdrawal
6C4B.5,- - - - Volatile inhalant-induced delirium
6C4B.6,- - - - Volatile inhalant-induced psychotic disorder
6C4B.7,- - - - Certain specified volatile inhalants-induced mental or behavioural disorders
6C4B.70,- - - - - Volatile inhalant-induced mood disorder
6C4B.71,- - - - - Volatile inhalant-induced anxiety disorder
6C4B.Y,- - - - Other specified disorders due to use of volatile inhalants
6C4B.Z,"- - - - Disorders due to use of volatile inhalants, unspecified"
6C4C,"- - - Disorders due to use of MDMA or related drugs, including MDA"
6C4C.0,"- - - - Episode of harmful use of MDMA or related drugs, including MDA"
6C4C.1,"- - - - Harmful pattern of use of MDMA or related drugs, including MDA"
6C4C.10,"- - - - - Harmful use of MDMA or related drugs, including MDA, episodic"
6C4C.11,"- - - - - Harmful use of MDMA or related drugs, including MDA, continuous"
6C4C.1Z,"- - - - - Harmful pattern of use of MDMA or related drugs, including MDA, unspecified"
6C4C.2,"- - - - MDMA or related drug dependence, including MDA"
6C4C.20,"- - - - - MDMA or related drug dependence, including MDA, current use"
6C4C.21,"- - - - - MDMA or related drug dependence, including MDA, early full remission"
6C4C.22,"- - - - - MDMA or related drug dependence, including MDA, sustained partial remission"
6C4C.23,"- - - - - MDMA or related drug dependence, including MDA, sustained full remission"
6C4C.2Z,"- - - - - MDMA or related drug dependence, including MDA, unspecified"
6C4C.3,"- - - - MDMA or related drug intoxication, including MDA"
6C4C.4,"- - - - MDMA or related drug withdrawal, including MDA"
6C4C.5,"- - - - MDMA or related drug-induced delirium, including MDA"
6C4C.6,"- - - - MDMA or related drug-induced psychotic disorder, including MDA"
6C4C.7,"- - - - Certain specified MDMA or related drug-induced mental or behavioural disorders, including MDA"
6C4C.70,"- - - - - MDMA or related drug-induced mood disorder, including MDA"
6C4C.71,- - - - - MDMA or related drug-induced anxiety disorder
6C4C.Y,"- - - - Other specified disorders due to use of MDMA or related drugs, including MDA"
6C4C.Z,"- - - - Disorders due to use of MDMA or related drugs, including MDA, unspecified"
6C4D,- - - Disorders due to use of dissociative drugs including ketamine and phencyclidine [PCP]
6C4D.0,- - - - Episode of harmful use of dissociative drugs including ketamine or PCP
6C4D.1,"- - - - Harmful pattern of use of dissociative drugs, including ketamine or PCP"
6C4D.10,"- - - - - Harmful pattern of use of dissociative drugs including ketamine or PCP, episodic"
6C4D.11,"- - - - - Harmful pattern of use of dissociative drugs including ketamine or PCP, continuous"
6C4D.1Z,"- - - - - Harmful pattern of use of dissociative drugs, including ketamine or PCP, unspecified"
6C4D.2,- - - - Dissociative drug dependence including ketamine or PCP
6C4D.20,"- - - - - Dissociative drug dependence including Ketamine or PCP, current use"
6C4D.21,"- - - - - Dissociative drug dependence including ketamine or PCP, early full remission"
6C4D.22,"- - - - - Dissociative drug dependence including Ketamine or PCP, sustained partial remission"
6C4D.23,"- - - - - Dissociative drug dependence including Ketamine or PCP, sustained full remission"
6C4D.2Z,"- - - - - Dissociative drug dependence including ketamine or PCP, unspecified"
6C4D.3,- - - - Dissociative drug intoxication including Ketamine or PCP
6C4D.4,- - - - Dissociative drug-induced delirium including ketamine or PCP
6C4D.5,- - - - Dissociative drug-induced psychotic disorder including Ketamine or PCP
6C4D.6,"- - - - Certain specified dissociative drug-induced mental or behavioural disorders, including ketamine and phencyclidine [PCP]"
6C4D.60,- - - - - Dissociative drug-induced mood disorder including Ketamine or PCP
6C4D.61,- - - - - Dissociative drug-induced anxiety disorder including Ketamine or PCP
6C4D.Y,- - - - Other specified disorders due to use of dissociative drugs including ketamine and phencyclidine [PCP]
6C4D.Z,"- - - - Disorders due to use of dissociative drugs including ketamine and phencyclidine [PCP], unspecified"
6C4E,"- - - Disorders due to use of other specified psychoactive substances, including medications"
6C4E.0,- - - - Episode of harmful use of other specified psychoactive substance
6C4E.1,- - - - Harmful pattern of use of other specified psychoactive substance
6C4E.10,"- - - - - Harmful pattern of use of other specified psychoactive substance, episodic"
6C4E.11,"- - - - - Harmful pattern of use of other specified psychoactive substance, continuous"
6C4E.1Z,"- - - - - Harmful pattern of use of other specified psychoactive substance, unspecified"
6C4E.2,- - - - Other specified psychoactive substance dependence
6C4E.20,"- - - - - Other specified psychoactive substance dependence, current use"
6C4E.21,"- - - - - Other specified psychoactive substance dependence, early full remission"
6C4E.22,"- - - - - Other specified psychoactive substance dependence, sustained partial remission"
6C4E.23,"- - - - - Other specified psychoactive substance dependence, sustained full remission"
6C4E.2Z,"- - - - - Other specified psychoactive substance dependence, unspecified"
6C4E.3,- - - - Other specified psychoactive substance intoxication
6C4E.4,- - - - Other specified psychoactive substance withdrawal
6C4E.40,"- - - - - Other specified psychoactive substance withdrawal, uncomplicated"
6C4E.41,"- - - - - Other specified psychoactive substance withdrawal, with perceptual disturbances"
6C4E.42,"- - - - - Other specified psychoactive substance withdrawal, with seizures"
6C4E.43,"- - - - - Other specified psychoactive substance withdrawal, with perceptual disturbances and seizures"
6C4E.4Z,"- - - - - Other specified psychoactive substance withdrawal, unspecified"
6C4E.5,- - - - Delirium induced by other specified psychoactive substance including medications
6C4E.6,- - - - Psychotic disorder induced by other specified psychoactive substance
6C4E.7,- - - - Certain other specified psychoactive substance-induced mental or behavioural disorders
6C4E.70,- - - - - Mood disorder induced by other specified psychoactive substance
6C4E.71,- - - - - Anxiety disorder induced by other specified psychoactive substance
6C4E.72,- - - - - Obsessive-compulsive or related disorder induced by other specified psychoactive substance
6C4E.73,- - - - - Impulse control disorder induced by other specified psychoactive substance
6C4E.Y,"- - - - Other specified disorders due to use of other specified psychoactive substances, including medications"
6C4E.Z,"- - - - Disorders due to use of other specified psychoactive substances, including medications, unspecified"
6C4F,"- - - Disorders due to use of multiple specified psychoactive substances, including medications"
6C4F.0,- - - - Episode of harmful use of multiple specified psychoactive substances
6C4F.1,- - - - Harmful pattern of use of multiple specified psychoactive substances
6C4F.10,"- - - - - Harmful pattern of use of multiple specified psychoactive substances, episodic"
6C4F.11,"- - - - - Harmful pattern of use of multiple specified psychoactive substances, continuous"
6C4F.1Z,"- - - - - Harmful pattern of use of multiple specified psychoactive substances, unspecified"
6C4F.2,- - - - Multiple specified psychoactive substances dependence
6C4F.20,"- - - - - Multiple specified psychoactive substances dependence, current use"
6C4F.21,"- - - - - Multiple specified psychoactive substances dependence, early full remission"
6C4F.22,"- - - - - Multiple specified psychoactive substances dependence, sustained partial remission"
6C4F.23,"- - - - - Multiple specified psychoactive substances dependence, sustained full remission"
6C4F.2Z,"- - - - - Multiple specified psychoactive substances dependence, unspecified"
6C4F.3,- - - - Intoxication due to multiple specified psychoactive substances
6C4F.4,- - - - Multiple specified psychoactive substances withdrawal
6C4F.40,"- - - - - Multiple specified psychoactive substances withdrawal, uncomplicated"
6C4F.41,"- - - - - Multiple specified psychoactive substances withdrawal, with perceptual disturbances"
6C4F.42,"- - - - - Multiple specified psychoactive substances withdrawal, with seizures"
6C4F.43,"- - - - - Multiple specified psychoactive substances withdrawal, with perceptual disturbances and seizures"
6C4F.4Y,- - - - - Other specified multiple specified psychoactive substances withdrawal
6C4F.4Z,"- - - - - Multiple specified psychoactive substances withdrawal, unspecified"
6C4F.5,- - - - Delirium induced by multiple specified psychoactive substances including medications
6C4F.6,- - - - Psychotic disorder induced by multiple specified psychoactive substances
6C4F.7,- - - - Certain multiple specified psychoactive substances-induced mental or behavioural disorders
6C4F.70,- - - - - Mood disorder induced by multiple specified psychoactive substances
6C4F.71,- - - - - Anxiety disorder induced by multiple specified psychoactive substances
6C4F.72,- - - - - Obsessive-compulsive or related disorder induced by multiple specified psychoactive substances
6C4F.73,- - - - - Impulse control syndrome induced by multiple specified psychoactive substances
6C4F.Y,"- - - - Other specified disorders due to use of multiple specified psychoactive substances, including medications"
6C4F.Z,"- - - - Disorders due to use of multiple specified psychoactive substances, including medications, unspecified"
6C4G,- - - Disorders due to use of unknown or unspecified psychoactive substances
6C4G.0,- - - - Episode of harmful use of unknown or unspecified psychoactive substances
6C4G.1,- - - - Harmful pattern of use of unknown or unspecified psychoactive substance
6C4G.10,"- - - - - Harmful pattern of use of unknown or unspecified psychoactive substance, episodic"
6C4G.11,"- - - - - Harmful pattern of use of unknown or unspecified psychoactive substance, continuous"
6C4G.1Z,"- - - - - Harmful pattern of use of unknown or unspecified psychoactive substance, unspecified"
6C4G.2,- - - - Unknown or unspecified psychoactive substance dependence
6C4G.20,"- - - - - Unknown or unspecified psychoactive substance dependence, current use"
6C4G.21,"- - - - - Unknown or unspecified psychoactive substance dependence, early full remission"
6C4G.22,"- - - - - Unknown or unspecified psychoactive substance dependence, sustained partial remission"
6C4G.23,"- - - - - Unknown or unspecified psychoactive substance dependence, sustained full remission"
6C4G.2Z,"- - - - - Unknown or unspecified psychoactive substance dependence, substance and state of remission unspecified"
6C4G.3,- - - - Intoxication due to unknown or unspecified psychoactive substance
6C4G.4,- - - - Withdrawal due to unknown or unspecified psychoactive substance
6C4G.40,"- - - - - Withdrawal due to unknown or unspecified psychoactive substance, uncomplicated"
6C4G.41,"- - - - - Withdrawal due to unknown or unspecified psychoactive substance, with perceptual disturbances"
6C4G.42,"- - - - - Withdrawal due to unknown or unspecified psychoactive substance, with seizures"
6C4G.43,"- - - - - Withdrawal due to unknown or unspecified psychoactive, with perceptual disturbances and seizures"
6C4G.4Z,"- - - - - Withdrawal due to unknown or unspecified psychoactive substance, unspecified"
6C4G.5,- - - - Delirium induced by unknown or unspecified psychoactive substance
6C4G.6,- - - - Psychotic disorder induced by unknown or unspecified psychoactive substance
6C4G.7,- - - - Certain unknown or unspecified psychoactive substance-induced mental or behavioural disorders
6C4G.70,- - - - - Mood disorder induced by unknown or unspecified psychoactive substance
6C4G.71,- - - - - Anxiety disorder induced by unknown or unspecified psychoactive substance
6C4G.72,- - - - - Obsessive-compulsive or related disorder induced by unknown or unspecified psychoactive substance
6C4G.73,- - - - - Impulse control disorder induced by unknown or unspecified psychoactive substance
6C4G.Y,- - - - Other specified disorders due to use of unknown or unspecified psychoactive substances
6C4G.Z,"- - - - Disorders due to use of unknown or unspecified psychoactive substances, unspecified"
6C4H,- - - Disorders due to use of non-psychoactive substances
6C4H.0,- - - - Episode of harmful use of non-psychoactive substances
6C4H.1,- - - - Harmful pattern of use of non-psychoactive substances
6C4H.10,"- - - - - Harmful pattern of use of non-psychoactive substances, episodic"
6C4H.11,"- - - - - Harmful pattern of use of non-psychoactive substances, continuous"
6C4H.1Z,"- - - - - Harmful pattern of use of non-psychoactive substances, unspecified"
6C4H.Y,- - - - Other specified disorders due to use of non-psychoactive substances
6C4H.Z,"- - - - Disorders due to use of non-psychoactive substances, unspecified"
6C4Y,- - - Other specified disorders due to substance use
6C4Z,"- - - Disorders due to substance use, unspecified"
6C50,- - - Gambling disorder
6C50.0,"- - - - Gambling disorder, predominantly offline"
6C50.1,"- - - - Gambling disorder, predominantly online"
6C50.Z,"- - - - Gambling disorder, unspecified"
6C51,- - - Gaming disorder
6C51.0,"- - - - Gaming disorder, predominantly online"
6C51.1,"- - - - Gaming disorder, predominantly offline"
6C51.Z,"- - - - Gaming disorder, unspecified"
6C5Y,- - - Other specified disorders due to addictive behaviours
6C5Z,"- - - Disorders due to addictive behaviours, unspecified"
6C70,- - Pyromania
6C71,- - Kleptomania
6C72,- - Compulsive sexual behaviour disorder
6C73,- - Intermittent explosive disorder
6C7Y,- - Other specified impulse control disorders
6C7Z,"- - Impulse control disorders, unspecified"
6C90,- - Oppositional defiant disorder
6C90.0,- - - Oppositional defiant disorder with chronic irritability-anger
6C90.00,- - - - Oppositional defiant disorder with chronic irritability-anger with limited prosocial emotions
6C90.01,- - - - Oppositional defiant disorder with chronic irritability-anger with typical prosocial emotions
6C90.0Z,"- - - - Oppositional defiant disorder with chronic irritability-anger, unspecified"
6C90.1,- - - Oppositional defiant disorder without chronic irritability-anger
6C90.10,- - - - Oppositional defiant disorder without chronic irritability-anger with limited prosocial emotions
6C90.11,- - - - Oppositional defiant disorder without chronic irritability-anger with typical prosocial emotions
6C90.1Z,"- - - - Oppositional defiant disorder without chronic irritability-anger, unspecified"
6C90.Z,"- - - Oppositional defiant disorder, unspecified"
6C91,- - Conduct-dissocial disorder
6C91.0,"- - - Conduct-dissocial disorder, childhood onset"
6C91.00,"- - - - Conduct-dissocial disorder, childhood onset with limited prosocial emotions"
6C91.01,"- - - - Conduct-dissocial disorder, childhood onset with typical prosocial emotions"
6C91.0Z,"- - - - Conduct-dissocial disorder, childhood onset, unspecified"
6C91.1,"- - - Conduct-dissocial disorder, adolescent onset"
6C91.10,"- - - - Conduct-dissocial disorder, adolescent onset with limited prosocial emotions"
6C91.11,"- - - - Conduct-dissocial disorder, adolescent onset with typical prosocial emotions"
6C91.1Y,"- - - - Other specified conduct-dissocial disorder, adolescent onset"
6C91.Z,"- - - Conduct-dissocial disorder, unspecified"
6C9Y,- - Other specified disruptive behaviour or dissocial disorders
6C9Z,"- - Disruptive behaviour or dissocial disorders, unspecified"
6D10,- - Personality disorder
6D10.0,- - - Mild personality disorder
6D10.1,- - - Moderate personality disorder
6D10.2,- - - Severe personality disorder
6D10.Z,"- - - Personality disorder, severity unspecified"
6D11,- - Prominent personality traits or patterns
6D11.0,- - - Negative affectivity in personality disorder or personality difficulty
6D11.1,- - - Detachment in personality disorder or personality difficulty
6D11.2,- - - Dissociality in personality disorder or personality difficulty
6D11.3,- - - Disinhibition in personality disorder or personality difficulty
6D11.4,- - - Anankastia in personality disorder or personality difficulty
6D11.5,- - - Borderline pattern
6D30,- - Exhibitionistic disorder
6D31,- - Voyeuristic disorder
6D32,- - Pedophilic disorder
6D33,- - Coercive sexual sadism disorder
6D34,- - Frotteuristic disorder
6D35,- - Other paraphilic disorder involving non-consenting individuals
6D36,- - Paraphilic disorder involving solitary behaviour or consenting individuals
6D3Z,"- - Paraphilic disorders, unspecified"
6D50,- - Factitious disorder imposed on self
6D51,- - Factitious disorder imposed on another
6D5Z,"- - Factitious disorders, unspecified"
6D70,- - Delirium
6D70.0,- - - Delirium due to disease classified elsewhere
6D70.1,- - - Delirium due to psychoactive substances including medications
6D70.2,- - - Delirium due to multiple etiological factors
6D70.Y,"- - - Delirium, other specified cause"
6D70.Z,"- - - Delirium, unspecified or unknown cause"
6D71,- - Mild neurocognitive disorder
6D72,- - Amnestic disorder
6D72.0,- - - Amnestic disorder due to diseases classified elsewhere
6D72.1,- - - Amnestic disorder due to psychoactive substances including medications
6D72.10,- - - - Amnestic disorder due to use of alcohol
6D72.11,"- - - - Amnestic disorder due to use of sedatives, hypnotics or anxiolytics"
6D72.12,- - - - Amnestic disorder due to other specified psychoactive substance including medications
6D72.13,- - - - Amnestic disorder due to use of volatile inhalants
6D72.Y,"- - - Amnestic disorder, other specified cause"
6D72.Z,"- - - Amnestic disorder, unknown or unspecified cause"
6D80,- - - Dementia due to Alzheimer disease
6D80.0,- - - - Dementia due to Alzheimer disease with early onset
6D80.1,- - - - Dementia due to Alzheimer disease with late onset
6D80.2,"- - - - Alzheimer disease dementia, mixed type, with cerebrovascular disease"
6D80.3,"- - - - Alzheimer disease dementia, mixed type, with other nonvascular aetiologies"
6D80.Z,"- - - - Dementia due to Alzheimer disease, onset unknown or unspecified"
6D81,- - - Dementia due to cerebrovascular disease
6D82,- - - Dementia due to Lewy body disease
6D83,- - - Frontotemporal dementia
6D84,- - - Dementia due to psychoactive substances including medications
6D84.0,- - - - Dementia due to use of alcohol
6D84.1,"- - - - Dementia due to use of sedatives, hypnotics or anxiolytics"
6D84.2,- - - - Dementia due to use of volatile inhalants
6D84.Y,- - - - Dementia due to other specified psychoactive substance
6D85,- - - Dementia due to diseases classified elsewhere
6D85.0,- - - - Dementia due to Parkinson disease
6D85.1,- - - - Dementia due to Huntington disease
6D85.2,- - - - Dementia due to exposure to heavy metals and other toxins
6D85.3,- - - - Dementia due to human immunodeficiency virus
6D85.4,- - - - Dementia due to multiple sclerosis
6D85.5,- - - - Dementia due to prion disease
6D85.6,- - - - Dementia due to normal pressure hydrocephalus
6D85.7,- - - - Dementia due to injury to the head
6D85.8,- - - - Dementia due to pellagra
6D85.9,- - - - Dementia due to Down syndrome
6D85.Y,- - - - Dementia due to other specified diseases classified elsewhere
6D86,- - - Behavioural or psychological disturbances in dementia
6D86.0,- - - - Psychotic symptoms in dementia
6D86.1,- - - - Mood symptoms in dementia
6D86.2,- - - - Anxiety symptoms in dementia
6D86.3,- - - - Apathy in dementia
6D86.4,- - - - Agitation or aggression in dementia
6D86.5,- - - - Disinhibition in dementia
6D86.6,- - - - Wandering in dementia
6D86.Y,- - - - Other specified behavioural or psychological disturbances in dementia
6D86.Z,"- - - - Behavioural or psychological disturbances in dementia, unspecified"
6D8Y,"- - - Dementia, other specified cause"
6D8Z,"- - - Dementia, unknown or unspecified cause"
6E0Y,- - Other specified neurocognitive disorders
6E0Z,"- - Neurocognitive disorders, unspecified"
6E20,"- - Mental or behavioural disorders associated with pregnancy, childbirth or the puerperium, without psychotic symptoms"
6E21,"- - Mental or behavioural disorders associated with pregnancy, childbirth or the puerperium, with psychotic symptoms"
6E2Z,"- - Mental or behavioural disorders associated with pregnancy, childbirth or the puerperium, unspecified"
6E40,- Psychological or behavioural factors affecting disorders or diseases classified elsewhere
6E40.0,- - Mental disorder affecting disorders or diseases classified elsewhere
6E40.1,- - Psychological symptoms affecting disorders or diseases classified elsewhere
6E40.2,- - Personality traits or coping style affecting disorders or diseases classified elsewhere
6E40.3,- - Maladaptive health behaviours affecting disorders or diseases classified elsewhere
6E40.4,- - Stress-related physiological response affecting disorders or diseases classified elsewhere
6E40.Y,- - Other specified psychological or behavioural factors affecting disorders or diseases classified elsewhere
6E40.Z,"- - Psychological or behavioural factors affecting disorders or diseases classified elsewhere, unspecified"
6E60,- - Secondary neurodevelopmental syndrome
6E60.0,- - - Secondary speech or language syndrome
6E60.Y,- - - Other specified secondary neurodevelopmental syndrome
6E60.Z,"- - - Secondary neurodevelopmental syndrome, unspecified"
6E61,- - Secondary psychotic syndrome
6E61.0,"- - - Secondary psychotic syndrome, with hallucinations"
6E61.1,"- - - Secondary psychotic syndrome, with delusions"
6E61.2,"- - - Secondary psychotic syndrome, with hallucinations and delusions"
6E61.3,"- - - Secondary psychotic syndrome, with unspecified symptoms"
6E62,- - Secondary mood syndrome
6E62.0,"- - - Secondary mood syndrome, with depressive symptoms"
6E62.1,"- - - Secondary mood syndrome, with manic symptoms"
6E62.2,"- - - Secondary mood syndrome, with mixed symptoms"
6E62.3,"- - - Secondary mood syndrome, with unspecified symptoms"
6E63,- - Secondary anxiety syndrome
6E64,- - Secondary obsessive-compulsive or related syndrome
6E65,- - Secondary dissociative syndrome
6E66,- - Secondary impulse control syndrome
6E67,- - Secondary neurocognitive syndrome
6E68,- - Secondary personality change
6E69,- - Secondary catatonia syndrome
6E6Y,- - Other specified secondary mental or behavioural syndrome
6E6Z,"- - Secondary mental or behavioural syndrome, unspecified"
6E8Y,"- Other specified mental, behavioural or neurodevelopmental disorders"
6E8Z,"- Mental, behavioural or neurodevelopmental disorders, unspecified"
7A00,- - Chronic insomnia
7A01,- - Short-term insomnia
7A0Z,"- - Insomnia disorders, unspecified"
7A20,- - Narcolepsy
7A20.0,"- - - Narcolepsy, Type 1"
7A20.1,"- - - Narcolepsy, Type 2"
7A20.Z,"- - - Narcolepsy, unspecified"
7A21,- - Idiopathic hypersomnia
7A22,- - Kleine-Levin syndrome
7A23,- - Hypersomnia due to a medical condition
7A24,- - Hypersomnia due to a medication or substance
7A25,- - Hypersomnia associated with a mental disorder
7A26,- - Insufficient sleep syndrome
7A2Y,- - Other specified hypersomnolence disorders
7A2Z,"- - Hypersomnolence disorders, unspecified"
7A40,- - Central sleep apnoeas
7A40.0,- - - Primary central sleep apnoea
7A40.1,- - - Primary central sleep apnoea of infancy
7A40.2,- - - Primary central sleep apnoea of prematurity
7A40.3,- - - Central sleep apnea with Cheyne-Stokes breathing
7A40.4,- - - Central sleep apnoea due to a medical condition without Cheyne-Stokes breathing
7A40.5,- - - Central sleep apnoea due to high-altitude periodic breathing
7A40.6,- - - Central sleep apnoea due to a medication or substance
7A40.7,- - - Treatment-emergent central sleep apnoea
7A40.Y,- - - Other specified central sleep apnoeas
7A40.Z,"- - - Central sleep apnoeas, unspecified"
7A41,- - Obstructive sleep apnoea
7A42,- - Sleep-related hypoventilation or hypoxemia disorders
7A42.0,- - - Obesity hypoventilation syndrome
7A42.1,- - - Congenital central alveolar sleep-related hypoventilation
7A42.2,- - - Non-congenital central hypoventilation with hypothalamic abnormalities
7A42.3,- - - Idiopathic central alveolar hypoventilation
7A42.4,- - - Sleep-related hypoventilation due to a medication or substance
7A42.5,- - - Sleep-related hypoventilation due to medical condition
7A42.6,- - - Sleep-related hypoxemia due to a medical condition
7A42.Y,- - - Other specified sleep-related hypoventilation or hypoxemia disorders
7A42.Z,"- - - Sleep-related hypoventilation or hypoxemia disorders, unspecified"
7A4Y,- - Other specified sleep-related breathing disorders
7A4Z,"- - Sleep-related breathing disorders, unspecified"
7A60,- - Delayed sleep-wake phase disorder
7A61,- - Advanced sleep-wake phase disorder
7A62,- - Irregular sleep-wake rhythm disorder
7A63,- - Non-24 hour sleep-wake rhythm disorder
7A64,"- - Circadian rhythm sleep-wake disorder, shift work type"
7A65,"- - Circadian rhythm sleep-wake disorder, jet lag type"
7A6Z,"- - Circadian rhythm sleep-wake disorders, unspecified"
7A80,- - Restless legs syndrome
7A81,- - Periodic limb movement disorder
7A82,- - Sleep-related leg cramps
7A83,- - Sleep-related bruxism
7A84,- - Sleep-related rhythmic movement disorder
7A85,- - Benign sleep myoclonus of infancy
7A86,- - Propriospinal myoclonus at sleep onset
7A87,- - Sleep-related movement disorder due to a medical condition
7A88,- - Sleep-related movement disorder due to a medication or substance
7A8Y,- - Other specified sleep-related movement disorders
7A8Z,"- - Sleep-related movement disorders, unspecified"
7B00,- - Disorders of arousal from non-REM sleep
7B00.0,- - - Confusional arousals
7B00.1,- - - Sleepwalking disorder
7B00.2,- - - Sleep terrors
7B00.3,- - - Sleep-related eating disorder
7B00.Y,- - - Other specified disorders of arousal from non-REM sleep
7B00.Z,"- - - Disorders of arousal from non-REM sleep, unspecified"
7B01,- - Parasomnias related to REM sleep
7B01.0,- - - REM sleep behaviour disorder
7B01.1,- - - Recurrent isolated sleep paralysis
7B01.2,- - - Nightmare disorder
7B01.Y,- - - Other specified parasomnias related to REM sleep
7B01.Z,"- - - Parasomnias related to REM sleep, unspecified"
7B02,- - Other parasomnias
7B02.0,- - - Hypnagogic exploding head syndrome
7B02.1,- - - Sleep-related hallucinations
7B02.2,- - - Parasomnia disorder due to a medical condition
7B02.3,- - - Parasomnia disorder due to a medication or substance
7B0Y,- - Other specified parasomnia disorders
7B0Z,"- - Parasomnia disorders, unspecified"
7B2Y,- Other specified sleep-wake disorders
7B2Z,"- Sleep-wake disorders, unspecified"
HA00,- - Hypoactive sexual desire dysfunction
HA00.0,"- - - Hypoactive sexual desire dysfunction, lifelong, generalised"
HA00.1,"- - - Hypoactive sexual desire dysfunction, lifelong, situational"
HA00.2,"- - - Hypoactive sexual desire dysfunction, acquired, generalised"
HA00.3,"- - - Hypoactive sexual desire dysfunction, acquired, situational"
HA00.Z,"- - - Hypoactive sexual desire dysfunction, unspecified"
HA01,- - Sexual arousal dysfunctions
HA01.0,- - - Female sexual arousal dysfunction
HA01.00,"- - - - Female sexual arousal dysfunction, lifelong, generalised"
HA01.01,"- - - - Female sexual arousal dysfunction, lifelong, situational"
HA01.02,"- - - - Female sexual arousal dysfunction, acquired, generalised"
HA01.03,"- - - - Female sexual arousal dysfunction, acquired, situational"
HA01.0Z,"- - - - Female sexual arousal dysfunction, unspecified"
HA01.1,- - - Male erectile dysfunction
HA01.10,"- - - - Male erectile dysfunction, lifelong, generalised"
HA01.11,"- - - - Male erectile dysfunction, lifelong, situational"
HA01.12,"- - - - Male erectile dysfunction, acquired, generalised"
HA01.13,"- - - - Male erectile dysfunction, acquired, situational"
HA01.1Z,"- - - - Male erectile dysfunction, unspecified"
HA01.Y,- - - Other specified sexual arousal dysfunctions
HA01.Z,"- - - Sexual arousal dysfunctions, unspecified"
HA02,- - Orgasmic dysfunctions
HA02.0,- - - Anorgasmia
HA02.00,"- - - - Anorgasmia, lifelong, generalised"
HA02.01,"- - - - Anorgasmia, lifelong, situational"
HA02.02,"- - - - Anorgasmia, acquired, generalised"
HA02.03,"- - - - Anorgasmia, acquired, situational"
HA02.0Z,"- - - - Anorgasmia, unspecified"
HA02.Y,- - - Other specified orgasmic dysfunctions
HA02.Z,"- - - Orgasmic dysfunctions, unspecified"
HA03,- - Ejaculatory dysfunctions
HA03.0,- - - Male early ejaculation
HA03.00,"- - - - Male early ejaculation, lifelong, generalised"
HA03.01,"- - - - Male early ejaculation, lifelong, situational"
HA03.02,"- - - - Male early ejaculation, acquired, generalised"
HA03.03,"- - - - Male early ejaculation, acquired, situational"
HA03.0Z,"- - - - Male early ejaculation, unspecified"
HA03.1,- - - Male delayed ejaculation
HA03.10,"- - - - Male delayed ejaculation, lifelong, generalised"
HA03.11,"- - - - Male delayed ejaculation, lifelong, situational"
HA03.12,"- - - - Male delayed ejaculation, acquired, generalised"
HA03.13,"- - - - Male delayed ejaculation, acquired, situational"
HA03.1Z,"- - - - Male delayed ejaculation, unspecified"
HA03.Y,- - - Other specified ejaculatory dysfunctions
HA03.Z,"- - - Ejaculatory dysfunctions, unspecified"
HA0Y,- - Other specified sexual dysfunctions
HA0Z,"- - Sexual dysfunctions, unspecified"
HA20,- - Sexual pain-penetration disorder
HA20.0,"- - - Sexual pain-penetration disorder, lifelong, generalised"
HA20.1,"- - - Sexual pain-penetration disorder, lifelong, situational"
HA20.2,"- - - Sexual pain-penetration disorder, acquired, generalised"
HA20.3,"- - - Sexual pain-penetration disorder, acquired, situational"
HA20.Z,"- - - Sexual pain-penetration disorder, unspecified"
HA2Y,- - Other specified sexual pain disorders
HA2Z,"- - Sexual pain disorders, unspecified"
HA40,- Aetiological considerations in sexual dysfunctions and sexual pain disorders
HA40.0,"- - Aetiological considerations associated with a medical condition, injury, or the effects of surgery or radiation treatment"
HA40.1,"- - Aetiological considerations associated with psychological or behavioural factors, including mental disorders"
HA40.2,- - Aetiological considerations associated with use of psychoactive substance or medication
HA40.3,- - Aetiological considerations associated with lack of knowledge or experience
HA40.4,- - Aetiological considerations associated with relationship factors
HA40.5,- - Aetiological considerations associated with cultural factors
HA40.Y,- - Other specified aetiological considerations in sexual dysfunctions and sexual pain disorders
HA60,- - Gender incongruence of adolescence or adulthood
HA61,- - Gender incongruence of childhood
HA6Z,"- - Gender incongruence, unspecified"
HA8Y,- Other specified conditions related to sexual health
HA8Z,"- Conditions related to sexual health, unspecified"
VD00,- - - Attention functions [WHODAS]
VD01,- - - Memory functions [WHODAS]
VD02,- - - Solving problems [WHODAS]
VD03,- - - Basic learning [WHODAS]
VD04,- - - Communicating with - receiving - spoken messages [WHODAS]
VD05,- - - Conversation [WHODAS]
VD10,- - - Maintaining a standing position [WHODAS]
VD11,- - - Changing body position - standing [WHODAS]
VD12,- - - Moving around within the home [WHODAS]
VD13,- - - Moving around outside the home and other buildings [WHODAS]
VD14,- - - Walking [WHODAS]
VD20,- - - Washing oneself [WHODAS]
VD21,- - - Dressing [WHODAS]
VD22,- - - Eating [WHODAS]
VD23,- - - Carrying out daily routine [WHODAS]
VD30,- - - Relating with strangers [WHODAS]
VD31,- - - Informal relationship with friends - maintaining [WHODAS]
VD32,- - - Family relationships [WHODAS]
VD33,- - - Informal relationship with friends - making new friends [WHODAS]
VD34,- - - Intimate relationships [WHODAS]
VD40,- - - Taking care of household responsibilities [WHODAS]
VD41,- - - Doing most important household tasks [WHODAS]
VD42,- - - Doing housework [WHODAS]
VD42.0,- - - - Getting all needed housework done [WHODAS]
VD42.1,- - - - Getting household work done quickly [WHODAS]
VD42.Y,- - - - Other specified doing housework [WHODAS]
VD42.Z,"- - - - Doing housework [WHODAS], unspecified"
VD43,- - - Remunerative employment [WHODAS]
VD43.0,- - - - Difficulties in daily work or school [WHODAS]
VD43.1,- - - - Doing most important work or school task [WHODAS]
VD43.2,- - - - Getting all needed work or school work done [WHODAS]
VD43.3,- - - - Getting remunerative work or school work done quickly [WHODAS]
VD43.Y,- - - - Other specified remunerative employment [WHODAS]
VD43.Z,"- - - - Remunerative employment [WHODAS], unspecified"
VD50,- - - Recreation and leisure [WHODAS]
VD51,- - - Problems by barriers [WHODAS]
VD52,- - - Human rights [WHODAS]
VD53,- - - Time spent on health condition [WHODAS]
VD54,- - - Emotional effect of health condition [WHODAS]
VD55,- - - Health drain on financial resources [WHODAS]
VD56,- - - Health problems causing family problems [WHODAS]
VD57,- - - Problems in relaxation or pleasure [WHODAS]
VE00,- - Seeing and related functions [BMDS]
VE01,- - Hearing and vestibular functions [BMDS]
VE10,- - - Energy and drive functions [BMDS]
VE11,- - - Sleep functions [BMDS]
VE12,- - - Emotional functions [BMDS]
VE13,- - - Attention functions [BMDS]
VE14,- - - Memory functions [BMDS]
VE20,- - - Sensation of pain [BMDS]
VV00,- - - Energy and drive functions
VV01,- - - Sleep functions
VV02,- - - Attention functions
VV03,- - - Memory functions
VV04,- - - Emotional functions
VV0Y,- - - Other specified mental functions
VV0Z,"- - - Mental functions, unspecified"
VV10,- - - Seeing and related functions
VV11,- - - Hearing and vestibular functions
VV12,- - - Sensation of pain
VV1Y,- - - Other specified sensory functions and pain
VV1Z,"- - - Sensory functions and pain, unspecified"
VV20,- - - Voice functions
VV2Y,- - - Other specified voice and speech functions
VV2Z,"- - - Voice and speech functions, unspecified"
VV30,- - - Exercise tolerance functions
VV3Y,"- - - Other specified functions of the cardiovascular, haematological, immunological and respiratory systems"
VV3Z,"- - - Functions of the cardiovascular, haematological, immunological and respiratory systems, unspecified"
VV40,- - - Functions related to the digestive system
VV4Y,"- - - Other specified functions of the digestive, metabolic and endocrine systems"
VV4Z,"- - - Functions of the digestive, metabolic and endocrine systems, unspecified"
VV50,- - - Urination functions
VV51,- - - Sexual functions
VV5Y,- - - Other specified genitourinary and reproductive functions
VV5Z,"- - - Genitourinary and reproductive functions, unspecified"
VV60,- - - Mobility of joint functions
VV61,- - - Muscle power functions
VV6Y,- - - Other specified neuromusculoskeletal and movement-related functions
VV6Z,"- - - Neuromusculoskeletal and movement-related functions, unspecified"
VV70,- - - Functions of the skin
VV7Y,- - - Other specified functions of the skin and related structures
VV7Z,"- - - Functions of the skin and related structures, unspecified"
VV80,- - - Basic learning
VV81,- - - Solving problems
VV8Y,- - - Other specified learning and applying knowledge
VV8Z,"- - - Learning and applying knowledge, unspecified"
VV90,- - - Carrying out daily routine
VV91,- - - Handling stress and other psychological demands
VV9Y,- - - Other specified general tasks and demands
VV9Z,"- - - General tasks and demands, unspecified"
VW00,- - - Communicating with - receiving - spoken messages
VW01,- - - Conversation
VW0Y,- - - Other specified communication
VW0Z,"- - - Communication, unspecified"
VW10,- - - Maintaining a standing position
VW11,- - - Transferring oneself
VW12,"- - - Carrying, moving and handling objects"
VW13,- - - Walking
VW14,- - - Moving around within the home
VW15,- - - Moving around using equipment
VW16,- - - Using transportation
VW1Y,- - - Other specified mobility
VW1Z,"- - - Mobility, unspecified"
VW20,- - - Washing oneself
VW21,- - - Caring for body parts
VW22,- - - Toileting
VW23,- - - Dressing
VW24,- - - Eating
VW25,- - - Looking after one's health
VW2Y,- - - Other specified self-care
VW2Z,"- - - Self-care, unspecified"
VW30,- - - Preparing meals
VW31,- - - Doing housework
VW32,- - - Assisting others
VW3Y,- - - Other specified domestic life
VW3Z,"- - - Domestic life, unspecified"
VW40,- - - Basic interpersonal interactions
VW41,- - - Relating with strangers
VW42,- - - Intimate relationships
VW4Y,- - - Other specified interpersonal interactions and relationships
VW4Z,"- - - Interpersonal interactions and relationships, unspecified"
VW50,- - - Remunerative employment
VW5Y,- - - Other specified major life areas
VW5Z,"- - - Major life areas, unspecified"
VW60,- - - Recreation and leisure
VW61,- - - Human rights
VW6Y,"- - - Other specified community, social and civic life"
VW6Z,"- - - Community, social and civic life, unspecified"
VW8Y,- - Other specified generic functioning domains
VW8Z,"- - Generic functioning domains, unspecified"